<?xml version="1.0" encoding="utf-8"?>
<System>
  <P Name="Location">[-6, -6, 1507, 967]</P>
  <P Name="SetExecutionDomain">off</P>
  <P Name="ExecutionDomainType">Deduce</P>
  <P Name="SimulinkSubDomain">Simulink</P>
  <Block BlockType="BusCreator" Name="Bus&#xA;Creator" SID="2">
    <P Name="Ports">[2, 1]</P>
    <P Name="Position">[405, 231, 410, 369]</P>
    <P Name="ZOrder">728</P>
    <P Name="ShowName">off</P>
    <P Name="Inputs">2</P>
    <P Name="DisplayOption">bar</P>
    <P Name="InheritFromInputs">on</P>
  </Block>
  <Block BlockType="BusCreator" Name="Bus&#xA;Creator1" SID="3">
    <P Name="Ports">[2, 1]</P>
    <P Name="Position">[1060, 209, 1065, 351]</P>
    <P Name="ZOrder">729</P>
    <P Name="ShowName">off</P>
    <P Name="Inputs">2</P>
    <P Name="DisplayOption">bar</P>
    <P Name="InheritFromInputs">on</P>
  </Block>
  <Block BlockType="Reference" Name="Mechanical&#xA;Rotational Reference" SID="4">
    <P Name="Ports">[0, 0, 0, 0, 0, 1]</P>
    <P Name="Position">[890, 485, 910, 505]</P>
    <P Name="ZOrder">688</P>
    <P Name="BlockRotation">180</P>
    <P Name="BlockMirror">on</P>
    <P Name="NameLocation">top</P>
    <P Name="LibraryVersion">10001000.1</P>
    <P Name="SourceBlock">fl_lib/Mechanical/Rotational Elements/Mechanical
Rotational Reference</P>
    <P Name="SourceType">Mechanical
Rotational Reference</P>
    <P Name="SourceProductBaseCode">SS</P>
    <InstanceData>
      <P Name="LogSimulationData">off</P>
      <P Name="SourceFile">foundation.mechanical.rotational.reference</P>
      <P Name="InternalSimscapePortConfiguration">{&quot;Bottom&quot;:[],&quot;Left&quot;:[{&quot;id&quot;:&quot;W&quot;,&quot;label&quot;:&quot;&quot;,&quot;type&quot;:&quot;foundation.mechanical.rotational.rotational&quot;}],&quot;Right&quot;:[],&quot;Top&quot;:[]}</P>
      <P Name="ComponentPath">foundation.mechanical.rotational.reference</P>
      <P Name="ComponentVariants">foundation.mechanical.rotational.reference</P>
      <P Name="ComponentVariantNames">reference</P>
      <P Name="ClassName">reference</P>
      <P Name="SchemaVersion">1</P>
    </InstanceData>
  </Block>
  <Block BlockType="Reference" Name="MechanismConfiguration" SID="5">
    <P Name="Ports">[0, 0, 0, 0, 0, 0, 1]</P>
    <P Name="Position">[45, 135, 85, 175]</P>
    <P Name="ZOrder">390</P>
    <P Name="ShowName">off</P>
    <P Name="LibraryVersion">7.11</P>
    <P Name="SourceBlock">sm_lib/Utilities/Mechanism
Configuration</P>
    <P Name="SourceType">Mechanism
Configuration</P>
    <P Name="SourceProductBaseCode">MS</P>
    <InstanceData>
      <P Name="LogSimulationData">off</P>
      <P Name="UniformGravity">Constant</P>
      <P Name="GravityVector">[0 0 -9.81]</P>
      <P Name="GravityUnits">m/s^2</P>
      <P Name="GravityVector_conf">compiletime</P>
      <P Name="LinearizationDelta">0.001</P>
    </InstanceData>
  </Block>
  <Block BlockType="Reference" Name="PS-Simulink&#xA;Converter" SID="6">
    <P Name="Ports">[0, 1, 0, 0, 0, 1]</P>
    <P Name="Position">[925, 230, 955, 260]</P>
    <P Name="ZOrder">397</P>
    <P Name="NameLocation">top</P>
    <P Name="ShowName">off</P>
    <P Name="LibraryVersion">5.0</P>
    <P Name="SourceBlock">nesl_utility/PS-Simulink
Converter</P>
    <P Name="SourceType">PS-Simulink
Converter</P>
    <P Name="SourceProductBaseCode">SS</P>
    <InstanceData>
      <P Name="RTWMemSecFuncInitTerm">Inherit from model</P>
      <P Name="RTWMemSecFuncExecute">Inherit from model</P>
      <P Name="RTWMemSecDataConstants">Inherit from model</P>
      <P Name="RTWMemSecDataInternal">Inherit from model</P>
      <P Name="RTWMemSecDataParameters">Inherit from model</P>
      <P Name="ContentPreviewEnabled">off</P>
      <P Name="PhysicalDomain">network_engine_domain</P>
      <P Name="SubClassName">ps_output</P>
      <P Name="LeftPortType">input</P>
      <P Name="RightPortType">output</P>
      <P Name="PseudoPeriodic">off</P>
      <P Name="Frequencies">[]</P>
      <P Name="Unit">rad</P>
      <P Name="AffineConversion">off</P>
    </InstanceData>
    <Port>
      <P Name="PortNumber">1</P>
      <P Name="Name">beta</P>
      <P Name="DataLogging">on</P>
    </Port>
  </Block>
  <Block BlockType="Reference" Name="PS-Simulink&#xA;Converter1" SID="7">
    <P Name="Ports">[0, 1, 0, 0, 0, 1]</P>
    <P Name="Position">[925, 300, 955, 330]</P>
    <P Name="ZOrder">398</P>
    <P Name="ShowName">off</P>
    <P Name="LibraryVersion">5.0</P>
    <P Name="SourceBlock">nesl_utility/PS-Simulink
Converter</P>
    <P Name="SourceType">PS-Simulink
Converter</P>
    <P Name="SourceProductBaseCode">SS</P>
    <InstanceData>
      <P Name="RTWMemSecFuncInitTerm">Inherit from model</P>
      <P Name="RTWMemSecFuncExecute">Inherit from model</P>
      <P Name="RTWMemSecDataConstants">Inherit from model</P>
      <P Name="RTWMemSecDataInternal">Inherit from model</P>
      <P Name="RTWMemSecDataParameters">Inherit from model</P>
      <P Name="ContentPreviewEnabled">off</P>
      <P Name="PhysicalDomain">network_engine_domain</P>
      <P Name="SubClassName">ps_output</P>
      <P Name="LeftPortType">input</P>
      <P Name="RightPortType">output</P>
      <P Name="PseudoPeriodic">off</P>
      <P Name="Frequencies">[]</P>
      <P Name="Unit">rad/s</P>
      <P Name="AffineConversion">off</P>
    </InstanceData>
    <Port>
      <P Name="PortNumber">1</P>
      <P Name="Name">dbeta</P>
      <P Name="DataLogging">on</P>
    </Port>
  </Block>
  <Block BlockType="Reference" Name="PS-Simulink&#xA;Converter2" SID="8">
    <P Name="Ports">[0, 1, 0, 0, 0, 1]</P>
    <P Name="Position">[290, 320, 320, 350]</P>
    <P Name="ZOrder">690</P>
    <P Name="ShowName">off</P>
    <P Name="LibraryVersion">5.0</P>
    <P Name="SourceBlock">nesl_utility/PS-Simulink
Converter</P>
    <P Name="SourceType">PS-Simulink
Converter</P>
    <P Name="SourceProductBaseCode">SS</P>
    <InstanceData>
      <P Name="RTWMemSecFuncInitTerm">Inherit from model</P>
      <P Name="RTWMemSecFuncExecute">Inherit from model</P>
      <P Name="RTWMemSecDataConstants">Inherit from model</P>
      <P Name="RTWMemSecDataInternal">Inherit from model</P>
      <P Name="RTWMemSecDataParameters">Inherit from model</P>
      <P Name="ContentPreviewEnabled">off</P>
      <P Name="PhysicalDomain">network_engine_domain</P>
      <P Name="SubClassName">ps_output</P>
      <P Name="LeftPortType">input</P>
      <P Name="RightPortType">output</P>
      <P Name="PseudoPeriodic">off</P>
      <P Name="Frequencies">[]</P>
      <P Name="Unit">rad/s</P>
      <P Name="AffineConversion">off</P>
    </InstanceData>
    <Port>
      <P Name="PortNumber">1</P>
      <P Name="Name">dalpha</P>
      <P Name="DataLogging">on</P>
    </Port>
  </Block>
  <Block BlockType="Reference" Name="PS-Simulink&#xA;Converter4" SID="9">
    <P Name="Ports">[0, 1, 0, 0, 0, 1]</P>
    <P Name="Position">[290, 250, 320, 280]</P>
    <P Name="ZOrder">691</P>
    <P Name="ShowName">off</P>
    <P Name="LibraryVersion">5.0</P>
    <P Name="SourceBlock">nesl_utility/PS-Simulink
Converter</P>
    <P Name="SourceType">PS-Simulink
Converter</P>
    <P Name="SourceProductBaseCode">SS</P>
    <InstanceData>
      <P Name="RTWMemSecFuncInitTerm">Inherit from model</P>
      <P Name="RTWMemSecFuncExecute">Inherit from model</P>
      <P Name="RTWMemSecDataConstants">Inherit from model</P>
      <P Name="RTWMemSecDataInternal">Inherit from model</P>
      <P Name="RTWMemSecDataParameters">Inherit from model</P>
      <P Name="ContentPreviewEnabled">off</P>
      <P Name="PhysicalDomain">network_engine_domain</P>
      <P Name="SubClassName">ps_output</P>
      <P Name="LeftPortType">input</P>
      <P Name="RightPortType">output</P>
      <P Name="PseudoPeriodic">off</P>
      <P Name="Frequencies">[]</P>
      <P Name="Unit">rad</P>
      <P Name="AffineConversion">off</P>
    </InstanceData>
    <Port>
      <P Name="PortNumber">1</P>
      <P Name="Name">alpha</P>
      <P Name="DataLogging">on</P>
    </Port>
  </Block>
  <Block BlockType="Reference" Name="Revolute Joint&#xA;alpha" SID="10">
    <P Name="Ports">[0, 0, 0, 0, 0, 2, 3]</P>
    <P Name="Position">[190, 162, 245, 368]</P>
    <P Name="ZOrder">689</P>
    <P Name="LibraryVersion">7.11</P>
    <P Name="SourceBlock">sm_lib/Joints/Revolute Joint</P>
    <P Name="SourceType">Revolute Joint</P>
    <P Name="SourceProductBaseCode">MS</P>
    <InstanceData>
      <P Name="LogSimulationData">off</P>
      <P Name="JointMode">Normal</P>
      <P Name="SenseConstraintForce">off</P>
      <P Name="SenseConstraintForceX">off</P>
      <P Name="SenseConstraintForceY">off</P>
      <P Name="SenseConstraintForceZ">off</P>
      <P Name="SenseConstraintTorque">off</P>
      <P Name="SenseConstraintTorqueX">off</P>
      <P Name="SenseConstraintTorqueY">off</P>
      <P Name="SenseConstraintTorqueZ">off</P>
      <P Name="SenseTotalForce">off</P>
      <P Name="SenseTotalForceX">off</P>
      <P Name="SenseTotalForceY">off</P>
      <P Name="SenseTotalForceZ">off</P>
      <P Name="SenseTotalTorque">off</P>
      <P Name="SenseTotalTorqueX">off</P>
      <P Name="SenseTotalTorqueY">off</P>
      <P Name="SenseTotalTorqueZ">off</P>
      <P Name="CompositeWrenchDir">FollowerOnBase</P>
      <P Name="CompositeWrenchFrame">BaseFrame</P>
      <P Name="EquilibriumPosition">0</P>
      <P Name="EquilibriumPositionUnits">deg</P>
      <P Name="EquilibriumPosition_conf">compiletime</P>
      <P Name="SpringStiffness">1e-7</P>
      <P Name="SpringStiffnessUnits">N*m/deg</P>
      <P Name="SpringStiffness_conf">compiletime</P>
      <P Name="DampingCoefficient">1e-6</P>
      <P Name="DampingCoefficientUnits">N*m/(deg/s)</P>
      <P Name="DampingCoefficient_conf">compiletime</P>
      <P Name="TorqueActuationMode">InputTorque</P>
      <P Name="MotionActuationMode">ComputedMotion</P>
      <P Name="SensePosition">on</P>
      <P Name="SenseVelocity">on</P>
      <P Name="SenseAcceleration">off</P>
      <P Name="SenseTorqueForce">off</P>
      <P Name="SenseLowerLimitTorqueForce">off</P>
      <P Name="SenseUpperLimitTorqueForce">off</P>
      <P Name="LowerLimitSpecify">off</P>
      <P Name="LowerLimitBound">-90</P>
      <P Name="LowerLimitBoundUnits">deg</P>
      <P Name="LowerLimitBound_conf">compiletime</P>
      <P Name="LowerLimitStiffness">1e4</P>
      <P Name="LowerLimitStiffnessUnits">N*m/deg</P>
      <P Name="LowerLimitStiffness_conf">compiletime</P>
      <P Name="LowerLimitDamping">10</P>
      <P Name="LowerLimitDampingUnits">N*m/(deg/s)</P>
      <P Name="LowerLimitDamping_conf">compiletime</P>
      <P Name="LowerLimitTransitionRegionWidth">0.1</P>
      <P Name="LowerLimitTransitionRegionWidthUnits">deg</P>
      <P Name="LowerLimitTransitionRegionWidth_conf">compiletime</P>
      <P Name="UpperLimitSpecify">off</P>
      <P Name="UpperLimitBound">90</P>
      <P Name="UpperLimitBoundUnits">deg</P>
      <P Name="UpperLimitBound_conf">compiletime</P>
      <P Name="UpperLimitStiffness">1e4</P>
      <P Name="UpperLimitStiffnessUnits">N*m/deg</P>
      <P Name="UpperLimitStiffness_conf">compiletime</P>
      <P Name="UpperLimitDamping">10</P>
      <P Name="UpperLimitDampingUnits">N*m/(deg/s)</P>
      <P Name="UpperLimitDamping_conf">compiletime</P>
      <P Name="UpperLimitTransitionRegionWidth">0.1</P>
      <P Name="UpperLimitTransitionRegionWidthUnits">deg</P>
      <P Name="UpperLimitTransitionRegionWidth_conf">compiletime</P>
      <P Name="PositionTargetSpecify">off</P>
      <P Name="PositionTargetPriority">High</P>
      <P Name="PositionTargetValue">pi</P>
      <P Name="PositionTargetValueUnits">rad</P>
      <P Name="PositionTargetValue_conf">compiletime</P>
      <P Name="VelocityTargetSpecify">off</P>
      <P Name="VelocityTargetPriority">High</P>
      <P Name="VelocityTargetValue">0</P>
      <P Name="VelocityTargetValueUnits">deg/s</P>
      <P Name="VelocityTargetValue_conf">compiletime</P>
    </InstanceData>
  </Block>
  <Block BlockType="Reference" Name="Revolute Joint&#xA;beta" SID="11">
    <P Name="Ports">[0, 0, 0, 0, 0, 2, 3]</P>
    <P Name="Position">[780, 142, 835, 348]</P>
    <P Name="ZOrder">744</P>
    <P Name="LibraryVersion">7.11</P>
    <P Name="SourceBlock">sm_lib/Joints/Revolute Joint</P>
    <P Name="SourceType">Revolute Joint</P>
    <P Name="SourceProductBaseCode">MS</P>
    <InstanceData>
      <P Name="LogSimulationData">off</P>
      <P Name="JointMode">Normal</P>
      <P Name="SenseConstraintForce">off</P>
      <P Name="SenseConstraintForceX">off</P>
      <P Name="SenseConstraintForceY">off</P>
      <P Name="SenseConstraintForceZ">off</P>
      <P Name="SenseConstraintTorque">off</P>
      <P Name="SenseConstraintTorqueX">off</P>
      <P Name="SenseConstraintTorqueY">off</P>
      <P Name="SenseConstraintTorqueZ">off</P>
      <P Name="SenseTotalForce">off</P>
      <P Name="SenseTotalForceX">off</P>
      <P Name="SenseTotalForceY">off</P>
      <P Name="SenseTotalForceZ">off</P>
      <P Name="SenseTotalTorque">off</P>
      <P Name="SenseTotalTorqueX">off</P>
      <P Name="SenseTotalTorqueY">off</P>
      <P Name="SenseTotalTorqueZ">off</P>
      <P Name="CompositeWrenchDir">FollowerOnBase</P>
      <P Name="CompositeWrenchFrame">BaseFrame</P>
      <P Name="EquilibriumPosition">0</P>
      <P Name="EquilibriumPositionUnits">rad</P>
      <P Name="EquilibriumPosition_conf">compiletime</P>
      <P Name="SpringStiffness">0</P>
      <P Name="SpringStiffnessUnits">m*N/rad</P>
      <P Name="SpringStiffness_conf">compiletime</P>
      <P Name="DampingCoefficient">0</P>
      <P Name="DampingCoefficientUnits">m*s*N/rad</P>
      <P Name="DampingCoefficient_conf">compiletime</P>
      <P Name="TorqueActuationMode">InputTorque</P>
      <P Name="MotionActuationMode">ComputedMotion</P>
      <P Name="SensePosition">on</P>
      <P Name="SenseVelocity">on</P>
      <P Name="SenseAcceleration">off</P>
      <P Name="SenseTorqueForce">off</P>
      <P Name="SenseLowerLimitTorqueForce">off</P>
      <P Name="SenseUpperLimitTorqueForce">off</P>
      <P Name="LowerLimitSpecify">off</P>
      <P Name="LowerLimitBound">-90</P>
      <P Name="LowerLimitBoundUnits">deg</P>
      <P Name="LowerLimitBound_conf">compiletime</P>
      <P Name="LowerLimitStiffness">1e4</P>
      <P Name="LowerLimitStiffnessUnits">N*m/deg</P>
      <P Name="LowerLimitStiffness_conf">compiletime</P>
      <P Name="LowerLimitDamping">10</P>
      <P Name="LowerLimitDampingUnits">N*m/(deg/s)</P>
      <P Name="LowerLimitDamping_conf">compiletime</P>
      <P Name="LowerLimitTransitionRegionWidth">0.1</P>
      <P Name="LowerLimitTransitionRegionWidthUnits">deg</P>
      <P Name="LowerLimitTransitionRegionWidth_conf">compiletime</P>
      <P Name="UpperLimitSpecify">off</P>
      <P Name="UpperLimitBound">90</P>
      <P Name="UpperLimitBoundUnits">deg</P>
      <P Name="UpperLimitBound_conf">compiletime</P>
      <P Name="UpperLimitStiffness">1e4</P>
      <P Name="UpperLimitStiffnessUnits">N*m/deg</P>
      <P Name="UpperLimitStiffness_conf">compiletime</P>
      <P Name="UpperLimitDamping">10</P>
      <P Name="UpperLimitDampingUnits">N*m/(deg/s)</P>
      <P Name="UpperLimitDamping_conf">compiletime</P>
      <P Name="UpperLimitTransitionRegionWidth">0.1</P>
      <P Name="UpperLimitTransitionRegionWidthUnits">deg</P>
      <P Name="UpperLimitTransitionRegionWidth_conf">compiletime</P>
      <P Name="PositionTargetSpecify">on</P>
      <P Name="PositionTargetPriority">Low</P>
      <P Name="PositionTargetValue">180</P>
      <P Name="PositionTargetValueUnits">deg</P>
      <P Name="PositionTargetValue_conf">compiletime</P>
      <P Name="VelocityTargetSpecify">on</P>
      <P Name="VelocityTargetPriority">High</P>
      <P Name="VelocityTargetValue">0</P>
      <P Name="VelocityTargetValueUnits">deg/s</P>
      <P Name="VelocityTargetValue_conf">compiletime</P>
    </InstanceData>
  </Block>
  <Block BlockType="Reference" Name="Rotational Friction" SID="12">
    <P Name="Ports">[0, 0, 0, 0, 0, 1, 1]</P>
    <P Name="Position">[790, 475, 830, 515]</P>
    <P Name="ZOrder">687</P>
    <P Name="LibraryVersion">10001000.1</P>
    <P Name="SourceBlock">fl_lib/Mechanical/Rotational Elements/Rotational Friction</P>
    <P Name="SourceType">Rotational Friction</P>
    <P Name="SourceProductBaseCode">SS</P>
    <InstanceData>
      <P Name="LogSimulationData">off</P>
      <P Name="SourceFile">foundation.mechanical.rotational.friction</P>
      <P Name="InternalSimscapePortConfiguration">{&quot;Bottom&quot;:[],&quot;Left&quot;:[{&quot;id&quot;:&quot;R&quot;,&quot;label&quot;:&quot;R&quot;,&quot;type&quot;:&quot;foundation.mechanical.rotational.rotational&quot;}],&quot;Right&quot;:[{&quot;id&quot;:&quot;C&quot;,&quot;label&quot;:&quot;C&quot;,&quot;type&quot;:&quot;foundation.mechanical.rotational.rotational&quot;}],&quot;Top&quot;:[]}</P>
      <P Name="ComponentPath">foundation.mechanical.rotational.friction</P>
      <P Name="ComponentVariants">foundation.mechanical.rotational.friction</P>
      <P Name="ComponentVariantNames">friction</P>
      <P Name="ClassName">friction</P>
      <P Name="SchemaVersion">1</P>
      <P Name="brkwy_trq">0.0004</P>
      <P Name="brkwy_trq_unit">mN*m</P>
      <P Name="brkwy_trq_conf">compiletime</P>
      <P Name="brkwy_vel">0.12128</P>
      <P Name="brkwy_vel_unit">rad/s</P>
      <P Name="brkwy_vel_conf">compiletime</P>
      <P Name="Col_trq">0.0002</P>
      <P Name="Col_trq_unit">mN*m</P>
      <P Name="Col_trq_conf">compiletime</P>
      <P Name="visc_coef">0.001</P>
      <P Name="visc_coef_unit">m*s*mN/rad</P>
      <P Name="visc_coef_conf">compiletime</P>
      <P Name="w_specify">off</P>
      <P Name="w_priority">High</P>
      <P Name="w">0</P>
      <P Name="w_unit">rad/s</P>
      <P Name="w_nominal_specify">off</P>
      <P Name="w_nominal_unit">rad/s</P>
      <P Name="w_nominal_value">1</P>
      <P Name="t_specify">off</P>
      <P Name="t_priority">High</P>
      <P Name="t">0</P>
      <P Name="t_unit">N*m</P>
      <P Name="t_nominal_specify">off</P>
      <P Name="t_nominal_unit">N*m</P>
      <P Name="t_nominal_value">1</P>
    </InstanceData>
  </Block>
  <Block BlockType="SubSystem" Name="SS Intf" SID="13">
    <P Name="Ports">[0, 0, 0, 0, 0, 2, 2]</P>
    <P Name="Position">[790, 400, 830, 440]</P>
    <P Name="ZOrder">685</P>
    <P Name="BlockMirror">on</P>
    <P Name="RequestExecContextInheritance">off</P>
    <System Ref="system_13"/>
  </Block>
  <Block BlockType="Reference" Name="Solver&#xA;Configuration" SID="20">
    <P Name="Ports">[0, 0, 0, 0, 0, 0, 1]</P>
    <P Name="Position">[45, 195, 85, 235]</P>
    <P Name="ZOrder">396</P>
    <P Name="ShowName">off</P>
    <P Name="LibraryVersion">5.0</P>
    <P Name="SourceBlock">nesl_utility/Solver
Configuration</P>
    <P Name="SourceType">Solver
Configuration</P>
    <P Name="SourceProductBaseCode">SS</P>
    <InstanceData>
      <P Name="RTWMemSecFuncInitTerm">Inherit from model</P>
      <P Name="RTWMemSecFuncExecute">Inherit from model</P>
      <P Name="RTWMemSecDataConstants">Inherit from model</P>
      <P Name="RTWMemSecDataInternal">Inherit from model</P>
      <P Name="RTWMemSecDataParameters">Inherit from model</P>
      <P Name="ContentPreviewEnabled">off</P>
      <P Name="PhysicalDomain">network_engine_domain</P>
      <P Name="SubClassName">solver</P>
      <P Name="LeftPortType">input</P>
      <P Name="RightPortType">generic</P>
      <P Name="Tones">[]</P>
      <P Name="Harmonics">[]</P>
      <P Name="SimulateNoise">off</P>
      <P Name="Profile">off</P>
      <P Name="UseLocalSampling">off</P>
      <P Name="EnableSwitchedLinearOptims">on</P>
      <P Name="FrequencyDomain">off</P>
      <P Name="UseCCode">off</P>
      <P Name="RelTol">0.001</P>
      <P Name="AbsTol">1e-06</P>
      <P Name="MinStep">1e-09</P>
      <P Name="ToWorkspace">off</P>
      <P Name="RevertToSquareIcSolve">off</P>
      <P Name="NumHomotopyIterations">100</P>
      <P Name="PhasorMode">off</P>
      <P Name="PhasorModeNumHarmonics">1</P>
      <P Name="DoDC">off</P>
      <P Name="ResidualTolerance">1e-09</P>
      <P Name="UseLocalSolver">off</P>
      <P Name="LocalSolverChoice">NE_BACKWARD_EULER_ADVANCER</P>
      <P Name="LocalSolverSampleTime">1e-3</P>
      <P Name="DoFixedCost">off</P>
      <P Name="MaxNonlinIter">3</P>
      <P Name="MaxModeIter">2</P>
      <P Name="LinearAlgebra">Sparse</P>
      <P Name="EquationFormulation">NE_TIME_EF</P>
      <P Name="DelaysMemoryBudget">1024</P>
      <P Name="AutomaticFiltering">on</P>
      <P Name="FilteringTimeConstant">0.001</P>
      <P Name="PartitionStorageMethod">AS_NEEDED</P>
      <P Name="PartitionMemoryBudget">1024</P>
      <P Name="PartitionMethod">FAST</P>
    </InstanceData>
  </Block>
  <Block BlockType="Reference" Name="World" SID="21">
    <P Name="Ports">[0, 0, 0, 0, 0, 0, 1]</P>
    <P Name="Position">[45, 70, 85, 110]</P>
    <P Name="ZOrder">392</P>
    <P Name="LibraryVersion">7.11</P>
    <P Name="SourceBlock">sm_lib/Frames and
Transforms/World Frame</P>
    <P Name="SourceType">World Frame</P>
    <P Name="SourceProductBaseCode">MS</P>
    <InstanceData>
      <P Name="LogSimulationData">off</P>
    </InstanceData>
  </Block>
  <Block BlockType="SubSystem" Name="h_39_axle_1_RIGID" SID="22">
    <P Name="Ports">[0, 0, 0, 0, 0, 1, 1]</P>
    <P Name="Position">[300, 178, 515, 212]</P>
    <P Name="ZOrder">393</P>
    <P Name="RequestExecContextInheritance">off</P>
    <Mask>
      <Display>image(&apos;h_39_axle_1_RIGID.JPG&apos;)
port_label(&apos;lconn&apos;,1,&apos;B&apos;);
port_label(&apos;rconn&apos;,1,&apos;R&apos;);</Display>
    </Mask>
    <System Ref="system_22"/>
  </Block>
  <Block BlockType="SubSystem" Name="h_RIP_arm_v2_1_RIGID" SID="30">
    <P Name="Ports">[0, 0, 0, 0, 0, 1, 1]</P>
    <P Name="Position">[880, 158, 1095, 192]</P>
    <P Name="ZOrder">394</P>
    <P Name="RequestExecContextInheritance">off</P>
    <Mask>
      <Display>image(&apos;h_RIP_arm_v2_1_RIGID.JPG&apos;);
port_label(&apos;lconn&apos;,1,&apos;B&apos;);
port_label(&apos;rconn&apos;,1,&apos;R&apos;);</Display>
    </Mask>
    <System Ref="system_30"/>
  </Block>
  <Block BlockType="SubSystem" Name="h_RIP_pendulum_1_RIGID" SID="51">
    <P Name="Ports">[0, 0, 0, 0, 0, 1]</P>
    <P Name="Position">[1135, 158, 1350, 192]</P>
    <P Name="ZOrder">395</P>
    <P Name="RequestExecContextInheritance">off</P>
    <Mask>
      <Display>image(&apos;h_RIP_pendulum_1_RIGID.JPG&apos;);</Display>
    </Mask>
    <System Ref="system_51"/>
  </Block>
  <Block BlockType="SubSystem" Name="h_encoderaxles_1_RIGID" SID="75">
    <P Name="Ports">[0, 0, 0, 0, 0, 1, 1]</P>
    <P Name="Position">[565, 148, 730, 242]</P>
    <P Name="ZOrder">400</P>
    <P Name="RequestExecContextInheritance">off</P>
    <Mask>
      <Display>image(&apos;h_encoderaxles_1_RIGID.JPG&apos;);
port_label(&apos;lconn&apos;,1,&apos;B&apos;);
port_label(&apos;rconn&apos;,1,&apos;R&apos;);</Display>
    </Mask>
    <System Ref="system_75"/>
  </Block>
  <Block BlockType="PMIOPort" Name="ControlleTorque" SID="105">
    <P Name="Position">[115, 313, 145, 327]</P>
    <P Name="ZOrder">749</P>
    <P Name="NameLocation">top</P>
    <P Name="Side">Left</P>
  </Block>
  <Block BlockType="Outport" Name="alpha_bus" SID="106">
    <P Name="Position">[460, 293, 490, 307]</P>
    <P Name="ZOrder">745</P>
    <P Name="NameLocation">top</P>
  </Block>
  <Block BlockType="Outport" Name="beta_bus" SID="107">
    <P Name="Position">[1120, 273, 1150, 287]</P>
    <P Name="ZOrder">746</P>
    <P Name="NameLocation">top</P>
    <P Name="Port">2</P>
  </Block>
  <Line>
    <P Name="ZOrder">1</P>
    <P Name="Src">2#out:1</P>
    <P Name="Dst">106#in:1</P>
  </Line>
  <Line LineType="Connection">
    <P Name="ZOrder">2</P>
    <P Name="Src">12#lconn:1</P>
    <P Name="Dst">13#rconn:2</P>
  </Line>
  <Line LineType="Connection">
    <P Name="ZOrder">3</P>
    <P Name="Src">11#rconn:1</P>
    <P Name="Dst">30#lconn:1</P>
  </Line>
  <Line LineType="Connection">
    <P Name="ZOrder">4</P>
    <P Name="Src">12#rconn:1</P>
    <P Name="Points">[0, 0]</P>
    <Branch ConnectType="DEST_DEST">
      <P Name="Src">4#lconn:1</P>
      <P Name="Points">[-30, 0]</P>
    </Branch>
    <Branch ConnectType="DEST_SRC">
      <P Name="Dst">13#lconn:2</P>
    </Branch>
  </Line>
  <Line LineType="Connection">
    <P Name="ZOrder">7</P>
    <P Name="Src">10#rconn:1</P>
    <P Name="Dst">22#lconn:1</P>
  </Line>
  <Line LineType="Connection">
    <P Name="ZOrder">8</P>
    <P Name="Src">7#lconn:1</P>
    <P Name="Points">[-27, 0]</P>
    <Branch ConnectType="DEST_DEST">
      <P Name="Src">13#lconn:1</P>
      <P Name="Points">[38, 0; 0, -95]</P>
    </Branch>
    <Branch ConnectType="DEST_SRC">
      <P Name="Dst">11#rconn:3</P>
    </Branch>
  </Line>
  <Line LineType="Connection">
    <P Name="ZOrder">11</P>
    <P Name="Src">5#rconn:1</P>
    <P Name="Points">[10, 0]</P>
    <Branch ConnectType="DEST_DEST">
      <P Name="Points">[110, 215; 0, -60]</P>
      <Branch ConnectType="SRC_DEST">
        <P Name="Src">10#lconn:1</P>
        <P Name="Points">[-65, 0]</P>
      </Branch>
      <Branch ConnectType="SRC_SRC">
        <P Name="Dst">20#rconn:1</P>
      </Branch>
    </Branch>
    <Branch ConnectType="DEST_SRC">
      <P Name="Points">[0, -65]</P>
      <P Name="Dst">21#rconn:1</P>
    </Branch>
  </Line>
  <Line>
    <P Name="ZOrder">16</P>
    <P Name="Src">3#out:1</P>
    <P Name="Dst">107#in:1</P>
  </Line>
  <Line>
    <P Name="Name">beta</P>
    <P Name="ZOrder">17</P>
    <P Name="Labels">[1, 1]</P>
    <P Name="Src">6#out:1</P>
    <P Name="Dst">3#in:1</P>
  </Line>
  <Line LineType="Connection">
    <P Name="ZOrder">18</P>
    <P Name="Src">10#rconn:3</P>
    <P Name="Dst">8#lconn:1</P>
  </Line>
  <Line>
    <P Name="Name">alpha</P>
    <P Name="ZOrder">19</P>
    <P Name="Labels">[0, 0]</P>
    <P Name="Src">9#out:1</P>
    <P Name="Dst">2#in:1</P>
  </Line>
  <Line LineType="Connection">
    <P Name="ZOrder">20</P>
    <P Name="Src">75#lconn:1</P>
    <P Name="Dst">22#rconn:1</P>
  </Line>
  <Line>
    <P Name="Name">dalpha</P>
    <P Name="ZOrder">21</P>
    <P Name="Labels">[0, 0]</P>
    <P Name="Src">8#out:1</P>
    <P Name="Dst">2#in:2</P>
  </Line>
  <Line LineType="Connection">
    <P Name="ZOrder">22</P>
    <P Name="Src">30#rconn:1</P>
    <P Name="Dst">51#lconn:1</P>
  </Line>
  <Line LineType="Connection">
    <P Name="ZOrder">23</P>
    <P Name="Src">11#lconn:1</P>
    <P Name="Dst">75#rconn:1</P>
  </Line>
  <Line>
    <P Name="Name">dbeta</P>
    <P Name="ZOrder">24</P>
    <P Name="Labels">[1, 1]</P>
    <P Name="Src">7#out:1</P>
    <P Name="Dst">3#in:2</P>
  </Line>
  <Line LineType="Connection">
    <P Name="ZOrder">25</P>
    <P Name="Src">11#lconn:2</P>
    <P Name="Points">[-9, 0; 0, 110]</P>
    <P Name="Dst">13#rconn:1</P>
  </Line>
  <Line LineType="Connection">
    <P Name="ZOrder">26</P>
    <P Name="Src">10#rconn:2</P>
    <P Name="Dst">9#lconn:1</P>
  </Line>
  <Line LineType="Connection">
    <P Name="ZOrder">27</P>
    <P Name="Src">11#rconn:2</P>
    <P Name="Dst">6#lconn:1</P>
  </Line>
  <Line LineType="Connection">
    <P Name="ZOrder">28</P>
    <P Name="Src">105#rconn:1</P>
    <P Name="Dst">10#lconn:2</P>
  </Line>
  <Annotation SID="109">
    <P Name="Name">Imported CAD model to SimMechanics</P>
    <P Name="Position">[20, 35, 1365, 605]</P>
    <P Name="InternalMargins">[0, 0, 0, 0]</P>
    <P Name="FixedHeight">on</P>
    <P Name="FixedWidth">on</P>
    <P Name="ForegroundColor">[0.901961, 0.901961, 1.000000]</P>
    <P Name="BackgroundColor">[0.901961, 0.901961, 1.000000]</P>
    <P Name="DropShadow">on</P>
    <P Name="AnnotationType">area_annotation</P>
    <P Name="ZOrder">1</P>
    <P Name="FontSize">12</P>
  </Annotation>
  <Annotation SID="108">
    <P Name="Name">









Add friction or any other model 
influencing forces/torques using Simscape</P>
    <P Name="Position">[730, 390, 965, 575]</P>
    <P Name="InternalMargins">[0, 0, 0, 0]</P>
    <P Name="FixedHeight">on</P>
    <P Name="FixedWidth">on</P>
    <P Name="ForegroundColor">[0.952941, 0.952941, 0.952941]</P>
    <P Name="BackgroundColor">[0.952941, 0.952941, 0.952941]</P>
    <P Name="DropShadow">on</P>
    <P Name="AnnotationType">area_annotation</P>
    <P Name="ZOrder">2</P>
    <P Name="FontSize">12</P>
  </Annotation>
</System>
