<?xml version="1.0" encoding="utf-8"?>
<System>
  <P Name="Location">[60, 35, 1573, 1008]</P>
  <P Name="Open">on</P>
  <P Name="SetExecutionDomain">off</P>
  <P Name="ExecutionDomainType">Deduce</P>
  <P Name="ReportName">simulink-default.rpt</P>
  <P Name="SIDHighWatermark">191</P>
  <P Name="SimulinkSubDomain">Simulink</P>
  <Block BlockType="Constant" Name="Constant" SID="179">
    <P Name="Position">[185, -165, 215, -135]</P>
    <P Name="ZOrder">870</P>
    <P Name="BlockMirror">on</P>
  </Block>
  <Block BlockType="Constant" Name="Constant1" SID="130">
    <P Name="Position">[1100, -355, 1130, -325]</P>
    <P Name="ZOrder">854</P>
  </Block>
  <Block BlockType="Demux" Name="Demux" SID="117">
    <P Name="Ports">[1, 2]</P>
    <P Name="Position">[190, -544, 195, -506]</P>
    <P Name="ZOrder">820</P>
    <P Name="Outputs">2</P>
  </Block>
  <Block BlockType="Demux" Name="Demux1" SID="118">
    <P Name="Ports">[1, 2]</P>
    <P Name="Position">[190, -454, 195, -416]</P>
    <P Name="ZOrder">821</P>
    <P Name="Outputs">2</P>
    <Port>
      <P Name="PortNumber">1</P>
      <P Name="Name">&lt;dbeta&gt;</P>
    </Port>
  </Block>
  <Block BlockType="Gain" Name="Gain" SID="187">
    <P Name="Position">[-305, -230, -250, -200]</P>
    <P Name="ZOrder">877</P>
    <P Name="BlockMirror">on</P>
    <P Name="Gain">Gain</P>
  </Block>
  <Block BlockType="Saturate" Name="Limit" SID="121">
    <P Name="Position">[-240, -495, -210, -465]</P>
    <P Name="ZOrder">824</P>
    <P Name="UpperLimit">0.1e3</P>
    <P Name="LowerLimit">-0.1e3</P>
    <Port>
      <P Name="PortNumber">1</P>
    </Port>
  </Block>
  <Block BlockType="SubSystem" Name="Plant" SID="1">
    <P Name="Ports">[0, 2, 0, 0, 0, 1]</P>
    <P Name="Position">[-95, -572, 140, -388]</P>
    <P Name="ZOrder">812</P>
    <P Name="RequestExecContextInheritance">off</P>
    <Mask>
      <Display>image(&apos;overall.JPG&apos;)
port_label(&apos;lconn&apos;,1,&apos;torque&apos;);
port_label(&apos;output&apos;, 1, &apos;alpha_bus&apos;)
port_label(&apos;output&apos;, 2, &apos;beta_bus&apos;)</Display>
    </Mask>
    <System Ref="system_1"/>
  </Block>
  <Block BlockType="Product" Name="Product" SID="132">
    <P Name="Ports">[2, 1]</P>
    <P Name="Position">[1005, -513, 1035, -482]</P>
    <P Name="ZOrder">856</P>
    <P Name="BlockMirror">on</P>
  </Block>
  <Block BlockType="Product" Name="Product1" SID="134">
    <P Name="Ports">[2, 1]</P>
    <P Name="Position">[820, -496, 855, -414]</P>
    <P Name="ZOrder">858</P>
    <P Name="BlockMirror">on</P>
  </Block>
  <Block BlockType="Product" Name="Product2" SID="188">
    <P Name="Ports">[2, 1]</P>
    <P Name="Position">[-70, -228, -35, -152]</P>
    <P Name="ZOrder">879</P>
    <P Name="BlockMirror">on</P>
  </Block>
  <Block BlockType="Product" Name="Product3" SID="189">
    <P Name="Ports">[2, 1]</P>
    <P Name="Position">[-210, -273, -185, -162]</P>
    <P Name="ZOrder">880</P>
    <P Name="BlockMirror">on</P>
  </Block>
  <Block BlockType="Signum" Name="Sign" SID="133">
    <P Name="Position">[925, -510, 955, -480]</P>
    <P Name="ZOrder">857</P>
  </Block>
  <Block BlockType="Signum" Name="Sign1" SID="190">
    <P Name="Position">[-135, -205, -105, -175]</P>
    <P Name="ZOrder">876</P>
    <P Name="BlockMirror">on</P>
  </Block>
  <Block BlockType="Reference" Name="Simulink-PS&#xA;Converter" SID="113">
    <P Name="Ports">[1, 0, 0, 0, 0, 0, 1]</P>
    <P Name="Position">[-170, -488, -155, -472]</P>
    <P Name="ZOrder">816</P>
    <P Name="LibraryVersion">5.0</P>
    <P Name="SourceBlock">nesl_utility/Simulink-PS
Converter</P>
    <P Name="SourceType">Simulink-PS
Converter</P>
    <P Name="SourceProductBaseCode">SS</P>
    <InstanceData>
      <P Name="RTWMemSecFuncInitTerm">Inherit from model</P>
      <P Name="RTWMemSecFuncExecute">Inherit from model</P>
      <P Name="RTWMemSecDataConstants">Inherit from model</P>
      <P Name="RTWMemSecDataInternal">Inherit from model</P>
      <P Name="RTWMemSecDataParameters">Inherit from model</P>
      <P Name="ContentPreviewEnabled">on</P>
      <P Name="PhysicalDomain">network_engine_domain</P>
      <P Name="SubClassName">ps_input</P>
      <P Name="LeftPortType">input</P>
      <P Name="RightPortType">output</P>
      <P Name="PseudoPeriodic">off</P>
      <P Name="Frequencies">[]</P>
      <P Name="NoiseDistribution">none</P>
      <P Name="NoiseParameters">[]</P>
      <P Name="Unit">1</P>
      <P Name="AffineConversion">off</P>
      <P Name="FilteringAndDerivatives">provide</P>
      <P Name="SimscapeFilterOrder">1</P>
      <P Name="InputFilterTimeConstant">0.001</P>
      <P Name="UdotUserProvided">0</P>
    </InstanceData>
  </Block>
  <Block BlockType="Sum" Name="Sum" SID="129">
    <P Name="Ports">[2, 1]</P>
    <P Name="Position">[1110, -410, 1130, -390]</P>
    <P Name="ZOrder">853</P>
    <P Name="BlockMirror">on</P>
    <P Name="Inputs">|+-</P>
  </Block>
  <Block BlockType="Sum" Name="Sum1" SID="180">
    <P Name="Ports">[2, 1]</P>
    <P Name="Position">[130, -225, 150, -205]</P>
    <P Name="ZOrder">869</P>
    <P Name="BlockMirror">on</P>
    <P Name="ShowName">off</P>
    <P Name="Inputs">|+-</P>
  </Block>
  <Block BlockType="Trigonometry" Name="Trigonometric&#xA;Function" SID="128">
    <P Name="Ports">[1, 1]</P>
    <P Name="Position">[1200, -415, 1230, -385]</P>
    <P Name="ZOrder">852</P>
    <P Name="BlockMirror">on</P>
    <P Name="Operator">cos</P>
  </Block>
  <Block BlockType="Trigonometry" Name="Trigonometric&#xA;Function1" SID="131">
    <P Name="Ports">[1, 1]</P>
    <P Name="Position">[1115, -475, 1145, -445]</P>
    <P Name="ZOrder">855</P>
    <P Name="BlockMirror">on</P>
    <P Name="Operator">cos</P>
  </Block>
  <Block BlockType="Trigonometry" Name="Trigonometric&#xA;Function2" SID="181">
    <P Name="Ports">[1, 1]</P>
    <P Name="Position">[185, -230, 215, -200]</P>
    <P Name="ZOrder">868</P>
    <P Name="BlockMirror">on</P>
    <P Name="Operator">cos</P>
  </Block>
  <Block BlockType="Trigonometry" Name="Trigonometric&#xA;Function3" SID="191">
    <P Name="Ports">[1, 1]</P>
    <P Name="Position">[10, -225, 40, -195]</P>
    <P Name="ZOrder">878</P>
    <P Name="BlockMirror">on</P>
    <P Name="ShowName">off</P>
    <P Name="Operator">cos</P>
  </Block>
  <Block BlockType="Scope" Name="derivation of shaft angle (radians)" SID="119">
    <P Name="Ports">[1]</P>
    <P Name="Position">[365, -516, 395, -484]</P>
    <P Name="ZOrder">822</P>
    <P Name="ScopeSpecificationString">Simulink.scopes.TimeScopeBlockCfg(&apos;CurrentConfiguration&apos;, extmgr.ConfigurationSet(extmgr.Configuration(&apos;Core&apos;,&apos;General UI&apos;,true),extmgr.Configuration(&apos;Core&apos;,&apos;Source UI&apos;,true),extmgr.Configuration(&apos;Sources&apos;,&apos;WiredSimulink&apos;,true,&apos;DataLoggingVariableName&apos;,&apos;ScopeData2&apos;),extmgr.Configuration(&apos;Visuals&apos;,&apos;Time Domain&apos;,true,&apos;SerializedDisplays&apos;,{struct(&apos;MinYLimReal&apos;,&apos;-17.41445&apos;,&apos;MaxYLimReal&apos;,&apos;156.73003&apos;,&apos;YLabelReal&apos;,&apos;&apos;,&apos;MinYLimMag&apos;,&apos;0.00000&apos;,&apos;MaxYLimMag&apos;,&apos;156.73003&apos;,&apos;LegendVisibility&apos;,&apos;off&apos;,&apos;XGrid&apos;,true,&apos;YGrid&apos;,true,&apos;PlotMagPhase&apos;,false,&apos;AxesColor&apos;,[0 0 0],&apos;AxesTickColor&apos;,[0.686274509803922 0.686274509803922 0.686274509803922],&apos;ColorOrder&apos;,[1 1 0.0666666666666667;0.0745098039215686 0.623529411764706 1;1 0.411764705882353 0.16078431372549;0.392156862745098 0.831372549019608 0.0745098039215686;0.717647058823529 0.274509803921569 1;0.0588235294117647 1 1;1 0.0745098039215686 0.650980392156863],&apos;Title&apos;,&apos;%&lt;SignalLabel&gt;&apos;,&apos;LinePropertiesCache&apos;,{{}},&apos;UserDefinedChannelNames&apos;,{{}},&apos;NumLines&apos;,1,&apos;LineNames&apos;,{{&apos;Demux/2&apos;}},&apos;ShowContent&apos;,true,&apos;Placement&apos;,1)},&apos;DisplayPropertyDefaults&apos;,struct(&apos;MinYLimReal&apos;,&apos;-17.41445&apos;,&apos;MaxYLimReal&apos;,&apos;156.73003&apos;,&apos;YLabelReal&apos;,&apos;&apos;,&apos;MinYLimMag&apos;,&apos;0.00000&apos;,&apos;MaxYLimMag&apos;,&apos;156.73003&apos;,&apos;LegendVisibility&apos;,&apos;off&apos;,&apos;XGrid&apos;,true,&apos;YGrid&apos;,true,&apos;PlotMagPhase&apos;,false,&apos;AxesColor&apos;,[0 0 0],&apos;AxesTickColor&apos;,[0.686274509803922 0.686274509803922 0.686274509803922],&apos;ColorOrder&apos;,[0.0745098039215686 0.623529411764706 1;1 0.411764705882353 0.16078431372549;1 1 0.0666666666666667;0.717647058823529 0.274509803921569 1;0.392156862745098 0.831372549019608 0.0745098039215686;0.0588235294117647 1 1;1 0.0745098039215686 0.650980392156863])),extmgr.Configuration(&apos;Tools&apos;,&apos;Plot Navigation&apos;,true),extmgr.Configuration(&apos;Tools&apos;,&apos;Measurements&apos;,true,&apos;Version&apos;,&apos;2020a&apos;)),&apos;Version&apos;,&apos;2020a&apos;)</P>
    <P Name="NumInputPorts">1</P>
    <P Name="Floating">off</P>
  </Block>
  <Block BlockType="Scope" Name="derivative of pendulum angle (radians)" SID="120">
    <P Name="Ports">[1]</P>
    <P Name="Position">[365, -366, 395, -334]</P>
    <P Name="ZOrder">823</P>
    <P Name="ScopeSpecificationString">Simulink.scopes.TimeScopeBlockCfg(&apos;CurrentConfiguration&apos;, extmgr.ConfigurationSet(extmgr.Configuration(&apos;Core&apos;,&apos;General UI&apos;,true),extmgr.Configuration(&apos;Core&apos;,&apos;Source UI&apos;,true),extmgr.Configuration(&apos;Sources&apos;,&apos;WiredSimulink&apos;,true,&apos;DataLoggingVariableName&apos;,&apos;ScopeData3&apos;),extmgr.Configuration(&apos;Visuals&apos;,&apos;Time Domain&apos;,true,&apos;SerializedDisplays&apos;,{struct(&apos;MinYLimReal&apos;,&apos;-40.35172&apos;,&apos;MaxYLimReal&apos;,&apos;40.31023&apos;,&apos;YLabelReal&apos;,&apos;&apos;,&apos;MinYLimMag&apos;,&apos;0.00000&apos;,&apos;MaxYLimMag&apos;,&apos;40.35172&apos;,&apos;LegendVisibility&apos;,&apos;off&apos;,&apos;XGrid&apos;,true,&apos;YGrid&apos;,true,&apos;PlotMagPhase&apos;,false,&apos;AxesColor&apos;,[0 0 0],&apos;AxesTickColor&apos;,[0.686274509803922 0.686274509803922 0.686274509803922],&apos;ColorOrder&apos;,[1 1 0.0666666666666667;0.0745098039215686 0.623529411764706 1;1 0.411764705882353 0.16078431372549;0.392156862745098 0.831372549019608 0.0745098039215686;0.717647058823529 0.274509803921569 1;0.0588235294117647 1 1;1 0.0745098039215686 0.650980392156863],&apos;Title&apos;,&apos;%&lt;SignalLabel&gt;&apos;,&apos;LinePropertiesCache&apos;,{{}},&apos;UserDefinedChannelNames&apos;,{{}},&apos;NumLines&apos;,1,&apos;LineNames&apos;,{{&apos;Demux1/2&apos;}},&apos;ShowContent&apos;,true,&apos;Placement&apos;,1)},&apos;DisplayPropertyDefaults&apos;,struct(&apos;MinYLimReal&apos;,&apos;-40.35172&apos;,&apos;MaxYLimReal&apos;,&apos;40.31023&apos;,&apos;YLabelReal&apos;,&apos;&apos;,&apos;MinYLimMag&apos;,&apos;0.00000&apos;,&apos;MaxYLimMag&apos;,&apos;40.35172&apos;,&apos;LegendVisibility&apos;,&apos;off&apos;,&apos;XGrid&apos;,true,&apos;YGrid&apos;,true,&apos;PlotMagPhase&apos;,false,&apos;AxesColor&apos;,[0 0 0],&apos;AxesTickColor&apos;,[0.686274509803922 0.686274509803922 0.686274509803922],&apos;ColorOrder&apos;,[0.0745098039215686 0.623529411764706 1;1 0.411764705882353 0.16078431372549;1 1 0.0666666666666667;0.717647058823529 0.274509803921569 1;0.392156862745098 0.831372549019608 0.0745098039215686;0.0588235294117647 1 1;1 0.0745098039215686 0.650980392156863])),extmgr.Configuration(&apos;Tools&apos;,&apos;Plot Navigation&apos;,true),extmgr.Configuration(&apos;Tools&apos;,&apos;Measurements&apos;,true,&apos;Version&apos;,&apos;2020a&apos;)),&apos;Version&apos;,&apos;2020a&apos;,&apos;Position&apos;,[1 41 1500 890])</P>
    <P Name="NumInputPorts">1</P>
    <P Name="Floating">off</P>
  </Block>
  <Block BlockType="Scope" Name="pendulum angle (radians)" SID="115">
    <P Name="Ports">[1]</P>
    <P Name="Position">[365, -441, 395, -409]</P>
    <P Name="ZOrder">818</P>
    <P Name="ScopeSpecificationString">Simulink.scopes.TimeScopeBlockCfg(&apos;CurrentConfiguration&apos;, extmgr.ConfigurationSet(extmgr.Configuration(&apos;Core&apos;,&apos;General UI&apos;,true),extmgr.Configuration(&apos;Core&apos;,&apos;Source UI&apos;,true),extmgr.Configuration(&apos;Sources&apos;,&apos;WiredSimulink&apos;,true,&apos;DataLoggingVariableName&apos;,&apos;ScopeData1&apos;),extmgr.Configuration(&apos;Visuals&apos;,&apos;Time Domain&apos;,true,&apos;SerializedDisplays&apos;,{struct(&apos;MinYLimReal&apos;,&apos;-7217.37027&apos;,&apos;MaxYLimReal&apos;,&apos;64987.74838&apos;,&apos;YLabelReal&apos;,&apos;&apos;,&apos;MinYLimMag&apos;,&apos;  0.00000&apos;,&apos;MaxYLimMag&apos;,&apos;64987.74838&apos;,&apos;LegendVisibility&apos;,&apos;off&apos;,&apos;XGrid&apos;,true,&apos;YGrid&apos;,true,&apos;PlotMagPhase&apos;,false,&apos;AxesColor&apos;,[0 0 0],&apos;AxesTickColor&apos;,[0.686274509803922 0.686274509803922 0.686274509803922],&apos;ColorOrder&apos;,[1 1 0.0666666666666667;0.0745098039215686 0.623529411764706 1;1 0.411764705882353 0.16078431372549;0.392156862745098 0.831372549019608 0.0745098039215686;0.717647058823529 0.274509803921569 1;0.0588235294117647 1 1;1 0.0745098039215686 0.650980392156863],&apos;Title&apos;,&apos;%&lt;SignalLabel&gt;&apos;,&apos;LinePropertiesCache&apos;,{{}},&apos;UserDefinedChannelNames&apos;,{{}},&apos;NumLines&apos;,1,&apos;LineNames&apos;,{{&apos;Demux1/1&apos;}},&apos;ShowContent&apos;,true,&apos;Placement&apos;,1)},&apos;DisplayPropertyDefaults&apos;,struct(&apos;MinYLimReal&apos;,&apos;-7217.37027&apos;,&apos;MaxYLimReal&apos;,&apos;64987.74838&apos;,&apos;YLabelReal&apos;,&apos;&apos;,&apos;MinYLimMag&apos;,&apos;  0.00000&apos;,&apos;MaxYLimMag&apos;,&apos;64987.74838&apos;,&apos;LegendVisibility&apos;,&apos;off&apos;,&apos;XGrid&apos;,true,&apos;YGrid&apos;,true,&apos;PlotMagPhase&apos;,false,&apos;AxesColor&apos;,[0 0 0],&apos;AxesTickColor&apos;,[0.686274509803922 0.686274509803922 0.686274509803922],&apos;ColorOrder&apos;,[0.0745098039215686 0.623529411764706 1;1 0.411764705882353 0.16078431372549;1 1 0.0666666666666667;0.717647058823529 0.274509803921569 1;0.392156862745098 0.831372549019608 0.0745098039215686;0.0588235294117647 1 1;1 0.0745098039215686 0.650980392156863])),extmgr.Configuration(&apos;Tools&apos;,&apos;Plot Navigation&apos;,true),extmgr.Configuration(&apos;Tools&apos;,&apos;Measurements&apos;,true,&apos;Version&apos;,&apos;2020a&apos;)),&apos;Version&apos;,&apos;2020a&apos;)</P>
    <P Name="NumInputPorts">1</P>
    <P Name="Floating">off</P>
  </Block>
  <Block BlockType="Scope" Name="shaft angle (radians)" SID="116">
    <P Name="Ports">[1]</P>
    <P Name="Position">[365, -586, 395, -554]</P>
    <P Name="ZOrder">819</P>
    <P Name="ScopeSpecificationString">Simulink.scopes.TimeScopeBlockCfg(&apos;CurrentConfiguration&apos;, extmgr.ConfigurationSet(extmgr.Configuration(&apos;Core&apos;,&apos;General UI&apos;,true),extmgr.Configuration(&apos;Core&apos;,&apos;Source UI&apos;,true),extmgr.Configuration(&apos;Sources&apos;,&apos;WiredSimulink&apos;,true),extmgr.Configuration(&apos;Visuals&apos;,&apos;Time Domain&apos;,true,&apos;SerializedDisplays&apos;,{struct(&apos;MinYLimReal&apos;,&apos;-134.80815&apos;,&apos;MaxYLimReal&apos;,&apos;1213.27335&apos;,&apos;YLabelReal&apos;,&apos;&apos;,&apos;MinYLimMag&apos;,&apos; 0.00000&apos;,&apos;MaxYLimMag&apos;,&apos;1213.27335&apos;,&apos;LegendVisibility&apos;,&apos;off&apos;,&apos;XGrid&apos;,true,&apos;YGrid&apos;,true,&apos;PlotMagPhase&apos;,false,&apos;AxesColor&apos;,[0 0 0],&apos;AxesTickColor&apos;,[0.686274509803922 0.686274509803922 0.686274509803922],&apos;ColorOrder&apos;,[1 1 0.0666666666666667;0.0745098039215686 0.623529411764706 1;1 0.411764705882353 0.16078431372549;0.392156862745098 0.831372549019608 0.0745098039215686;0.717647058823529 0.274509803921569 1;0.0588235294117647 1 1;1 0.0745098039215686 0.650980392156863],&apos;Title&apos;,&apos;%&lt;SignalLabel&gt;&apos;,&apos;LinePropertiesCache&apos;,{{}},&apos;UserDefinedChannelNames&apos;,{{}},&apos;NumLines&apos;,1,&apos;LineNames&apos;,{{&apos;Demux/1&apos;}},&apos;ShowContent&apos;,true,&apos;Placement&apos;,1)},&apos;DisplayPropertyDefaults&apos;,struct(&apos;MinYLimReal&apos;,&apos;-134.80815&apos;,&apos;MaxYLimReal&apos;,&apos;1213.27335&apos;,&apos;YLabelReal&apos;,&apos;&apos;,&apos;MinYLimMag&apos;,&apos; 0.00000&apos;,&apos;MaxYLimMag&apos;,&apos;1213.27335&apos;,&apos;LegendVisibility&apos;,&apos;off&apos;,&apos;XGrid&apos;,true,&apos;YGrid&apos;,true,&apos;PlotMagPhase&apos;,false,&apos;AxesColor&apos;,[0 0 0],&apos;AxesTickColor&apos;,[0.686274509803922 0.686274509803922 0.686274509803922],&apos;ColorOrder&apos;,[0.0745098039215686 0.623529411764706 1;1 0.411764705882353 0.16078431372549;1 1 0.0666666666666667;0.717647058823529 0.274509803921569 1;0.392156862745098 0.831372549019608 0.0745098039215686;0.0588235294117647 1 1;1 0.0745098039215686 0.650980392156863])),extmgr.Configuration(&apos;Tools&apos;,&apos;Plot Navigation&apos;,true),extmgr.Configuration(&apos;Tools&apos;,&apos;Measurements&apos;,true,&apos;Version&apos;,&apos;2020a&apos;)),&apos;Version&apos;,&apos;2020a&apos;,&apos;Position&apos;,[150 236 560 420])</P>
    <P Name="NumInputPorts">1</P>
    <P Name="Floating">off</P>
  </Block>
  <Line LineType="Connection">
    <P Name="ZOrder">4</P>
    <P Name="Src">113#rconn:1</P>
    <P Name="Dst">1#lconn:1</P>
  </Line>
  <Line>
    <P Name="ZOrder">10</P>
    <P Name="Src">1#out:1</P>
    <P Name="Dst">117#in:1</P>
  </Line>
  <Line>
    <P Name="ZOrder">11</P>
    <P Name="Src">1#out:2</P>
    <P Name="Dst">118#in:1</P>
  </Line>
  <Line>
    <P Name="ZOrder">12</P>
    <P Name="Src">117#out:1</P>
    <P Name="Points">[66, 0; 0, -35]</P>
    <P Name="Dst">116#in:1</P>
  </Line>
  <Line>
    <P Name="ZOrder">14</P>
    <P Name="Src">117#out:2</P>
    <P Name="Points">[38, 0; 0, 15]</P>
    <P Name="Dst">119#in:1</P>
  </Line>
  <Line>
    <P Name="ZOrder">15</P>
    <P Name="Src">118#out:2</P>
    <P Name="Points">[38, 0; 0, 75]</P>
    <P Name="Dst">120#in:1</P>
  </Line>
  <Line>
    <P Name="ZOrder">16</P>
    <P Name="Src">121#out:1</P>
    <P Name="Dst">113#in:1</P>
  </Line>
  <Line>
    <P Name="ZOrder">98</P>
    <P Name="Src">132#out:1</P>
    <P Name="Points">[-20, 0; 0, -39; -79, 0; 0, 39]</P>
    <P Name="Dst">133#in:1</P>
  </Line>
  <Line>
    <P Name="ZOrder">99</P>
    <P Name="Src">128#out:1</P>
    <P Name="Dst">129#in:1</P>
  </Line>
  <Line>
    <P Name="ZOrder">100</P>
    <P Name="Src">129#out:1</P>
    <P Name="Points">[-123, 0; 0, -35]</P>
    <P Name="Dst">134#in:2</P>
  </Line>
  <Line>
    <P Name="ZOrder">101</P>
    <P Name="Points">[1268, -585; 0, 80]</P>
    <P Name="Dst">132#in:1</P>
  </Line>
  <Line>
    <P Name="ZOrder">104</P>
    <P Name="Points">[1299, -680; 0, 220]</P>
    <Branch>
      <P Name="ZOrder">103</P>
      <P Name="Dst">131#in:1</P>
    </Branch>
    <Branch>
      <P Name="ZOrder">102</P>
      <P Name="Points">[0, 60]</P>
      <P Name="Dst">128#in:1</P>
    </Branch>
  </Line>
  <Line>
    <P Name="ZOrder">105</P>
    <P Name="Src">131#out:1</P>
    <P Name="Points">[-35, 0; 0, -30]</P>
    <P Name="Dst">132#in:2</P>
  </Line>
  <Line>
    <P Name="ZOrder">106</P>
    <P Name="Src">133#out:1</P>
    <P Name="Points">[7, 0; 0, 45; -73, 0; 0, -25]</P>
    <P Name="Dst">134#in:1</P>
  </Line>
  <Line>
    <P Name="ZOrder">107</P>
    <P Name="Src">130#out:1</P>
    <P Name="Points">[19, 0; 0, -30; -34, 0]</P>
    <P Name="Dst">129#in:2</P>
  </Line>
  <Line>
    <P Name="ZOrder">108</P>
    <P Name="Src">134#out:1</P>
    <P Name="Points">[-40, 0; 0, -260; 10, 0]</P>
  </Line>
  <Line>
    <P Name="ZOrder">121</P>
    <P Name="Src">181#out:1</P>
    <P Name="Dst">180#in:1</P>
  </Line>
  <Line>
    <P Name="ZOrder">122</P>
    <P Name="Src">179#out:1</P>
    <P Name="Points">[-40, 0]</P>
    <P Name="Dst">180#in:2</P>
  </Line>
  <Line>
    <P Name="Name">&lt;dbeta&gt;</P>
    <P Name="ZOrder">13</P>
    <P Name="Src">118#out:1</P>
    <P Name="Points">[50, 0]</P>
    <Branch>
      <P Name="ZOrder">125</P>
      <P Name="Points">[52, 0; 0, 20]</P>
      <P Name="Dst">115#in:1</P>
    </Branch>
    <Branch>
      <P Name="ZOrder">124</P>
      <P Name="Labels">[-1, 1]</P>
      <P Name="Points">[0, 230]</P>
      <P Name="Dst">181#in:1</P>
    </Branch>
  </Line>
  <Line>
    <P Name="ZOrder">135</P>
    <P Name="Src">187#out:1</P>
    <P Name="Points">[-19, 0; 0, -70; 384, 0; 0, 70]</P>
  </Line>
  <Line>
    <P Name="ZOrder">136</P>
    <P Name="Points">[-480, -245; 246, 0; 0, -52; 73, 0; 0, 52]</P>
    <P Name="Dst">189#in:1</P>
  </Line>
  <Line>
    <P Name="ZOrder">137</P>
    <P Name="Src">191#out:1</P>
    <P Name="Dst">188#in:1</P>
  </Line>
  <Line>
    <P Name="ZOrder">138</P>
    <P Name="Src">188#out:1</P>
    <P Name="Dst">190#in:1</P>
  </Line>
  <Line>
    <P Name="Name">&lt;beta&gt;</P>
    <P Name="ZOrder">139</P>
    <P Name="Labels">[0, 0]</P>
    <P Name="Points">[-425, -210; 96, 0; 0, 83; 393, 0; 0, -83]</P>
    <P Name="Dst">191#in:1</P>
  </Line>
  <Line>
    <P Name="ZOrder">140</P>
    <P Name="Src">189#out:1</P>
    <P Name="Dst">187#in:1</P>
  </Line>
  <Line>
    <P Name="ZOrder">141</P>
    <P Name="Src">190#out:1</P>
    <P Name="Dst">189#in:2</P>
  </Line>
</System>
