<?xml version="1.0" encoding="utf-8"?>
<System>
  <P Name="Location">[78, 0, 1928, 1212]</P>
  <P Name="SetExecutionDomain">off</P>
  <P Name="ExecutionDomainType">Deduce</P>
  <P Name="SimulinkSubDomain">Simulink</P>
  <Block BlockType="Reference" Name="Solid" SID="101">
    <P Name="Ports">[0, 0, 0, 0, 0, 0, 1]</P>
    <P Name="Position">[35, 30, 75, 70]</P>
    <P Name="ZOrder">4</P>
    <P Name="LibraryVersion">7.11</P>
    <P Name="SourceBlock">sm_lib/Body Elements/File Solid</P>
    <P Name="SourceType">File Solid</P>
    <P Name="SourceProductBaseCode">MS</P>
    <InstanceData>
      <P Name="LogSimulationData">off</P>
      <P Name="ExtGeomFileName">86_axle_Default_sldprt.STL</P>
      <P Name="UnitType">Custom</P>
      <P Name="ExtGeomFileUnits">mm</P>
      <P Name="StepReaderType">HEX</P>
      <P Name="ExportConvexHullGeometry">off</P>
      <P Name="InertiaType">Custom</P>
      <P Name="Mass">0.0011644908507951884</P>
      <P Name="MassUnits">kg</P>
      <P Name="Mass_conf">compiletime</P>
      <P Name="CenterOfMass">[0 0 0]</P>
      <P Name="CenterOfMassUnits">mm</P>
      <P Name="CenterOfMass_conf">compiletime</P>
      <P Name="MomentsOfInertia">[0.0027714374516001608 0.7160611630059921 0.7160611630059921]</P>
      <P Name="MomentsOfInertiaUnits">kg*mm^2</P>
      <P Name="MomentsOfInertia_conf">compiletime</P>
      <P Name="ProductsOfInertia">[0 0 0]</P>
      <P Name="ProductsOfInertiaUnits">kg*mm^2</P>
      <P Name="ProductsOfInertia_conf">compiletime</P>
      <P Name="BasedOnType">Density</P>
      <P Name="Density">1000</P>
      <P Name="DensityUnits">kg/(m^3)</P>
      <P Name="Density_conf">compiletime</P>
      <P Name="DoExposeReferenceFrame">on</P>
      <P Name="SerializedFrames">&lt;Frames/&gt;</P>
      <P Name="GraphicType">FromGeometry</P>
      <P Name="MarkerShape">Sphere</P>
      <P Name="MarkerSize">10</P>
      <P Name="MarkerSizeUnits">m</P>
      <P Name="MarkerSize_conf">compiletime</P>
      <P Name="GraphicVisPropType">SimpleVisualProperties</P>
      <P Name="GraphicDiffuseColor">[0.4 0.4 0.4]</P>
      <P Name="GraphicDiffuseColor_conf">compiletime</P>
      <P Name="GraphicSpecularColor">[0.5 0.5 0.5 1.0]</P>
      <P Name="GraphicSpecularColor_conf">compiletime</P>
      <P Name="GraphicAmbientColor">[0.15 0.15 0.15 1.0]</P>
      <P Name="GraphicAmbientColor_conf">compiletime</P>
      <P Name="GraphicEmissiveColor">[0.0 0.0 0.0 1.0]</P>
      <P Name="GraphicEmissiveColor_conf">compiletime</P>
      <P Name="GraphicShininess">75</P>
      <P Name="GraphicShininess_conf">compiletime</P>
      <P Name="GraphicOpacity">1</P>
      <P Name="GraphicOpacity_conf">compiletime</P>
    </InstanceData>
  </Block>
  <Block BlockType="PMIOPort" Name="F" SID="102">
    <P Name="Position">[130, 40, 150, 60]</P>
    <P Name="ZOrder">5</P>
    <P Name="BlockMirror">on</P>
    <P Name="Side">Left</P>
  </Block>
  <Line LineType="Connection">
    <P Name="ZOrder">1</P>
    <P Name="Src">101#rconn:1</P>
    <P Name="Dst">102#rconn:1</P>
  </Line>
</System>
