<?xml version="1.0" encoding="utf-8"?>
<System>
  <P Name="Location">[78, -8, 1928, 1208]</P>
  <P Name="SetExecutionDomain">off</P>
  <P Name="ExecutionDomainType">Deduce</P>
  <P Name="ZoomFactor">150</P>
  <P Name="SimulinkSubDomain">Simulink</P>
  <Block BlockType="Reference" Name="Ideal Angular&#xA;Velocity Source" SID="14">
    <P Name="Ports">[0, 0, 0, 0, 0, 1, 2]</P>
    <P Name="Position">[220, 45, 260, 85]</P>
    <P Name="ZOrder">8</P>
    <P Name="BlockRotation">180</P>
    <P Name="BlockMirror">on</P>
    <P Name="NameLocation">top</P>
    <P Name="LibraryVersion">10001000.1</P>
    <P Name="SourceBlock">fl_lib/Mechanical/Mechanical Sources/Ideal Angular
Velocity Source</P>
    <P Name="SourceType">Ideal Angular
Velocity Source</P>
    <P Name="SourceProductBaseCode">SS</P>
    <InstanceData>
      <P Name="LogSimulationData">off</P>
      <P Name="SourceFile">foundation.mechanical.sources.angular_velocity</P>
      <P Name="InternalSimscapePortConfiguration">{&quot;Bottom&quot;:[],&quot;Left&quot;:[{&quot;id&quot;:&quot;R&quot;,&quot;label&quot;:&quot;R&quot;,&quot;type&quot;:&quot;foundation.mechanical.rotational.rotational&quot;}],&quot;Right&quot;:[{&quot;id&quot;:&quot;S&quot;,&quot;label&quot;:&quot;S&quot;,&quot;type&quot;:&quot;input&quot;},{&quot;id&quot;:&quot;C&quot;,&quot;label&quot;:&quot;C&quot;,&quot;type&quot;:&quot;foundation.mechanical.rotational.rotational&quot;}],&quot;Top&quot;:[]}</P>
      <P Name="ComponentPath">foundation.mechanical.sources.angular_velocity</P>
      <P Name="ComponentVariants">foundation.mechanical.sources.angular_velocity</P>
      <P Name="ComponentVariantNames">angular_velocity</P>
      <P Name="ClassName">angular_velocity</P>
      <P Name="SchemaVersion">1</P>
    </InstanceData>
  </Block>
  <Block BlockType="Reference" Name="Ideal Torque Sensor" SID="15">
    <P Name="Ports">[0, 0, 0, 0, 0, 1, 2]</P>
    <P Name="Position">[70, 55, 110, 95]</P>
    <P Name="ZOrder">9</P>
    <P Name="LibraryVersion">10001000.1</P>
    <P Name="SourceBlock">fl_lib/Mechanical/Mechanical Sensors/Ideal Torque Sensor</P>
    <P Name="SourceType">Ideal Torque Sensor</P>
    <P Name="SourceProductBaseCode">SS</P>
    <InstanceData>
      <P Name="LogSimulationData">off</P>
      <P Name="SourceFile">foundation.mechanical.sensors.torque</P>
      <P Name="InternalSimscapePortConfiguration">{&quot;Bottom&quot;:[],&quot;Left&quot;:[{&quot;id&quot;:&quot;R&quot;,&quot;label&quot;:&quot;R&quot;,&quot;type&quot;:&quot;foundation.mechanical.rotational.rotational&quot;}],&quot;Right&quot;:[{&quot;id&quot;:&quot;C&quot;,&quot;label&quot;:&quot;C&quot;,&quot;type&quot;:&quot;foundation.mechanical.rotational.rotational&quot;},{&quot;id&quot;:&quot;T&quot;,&quot;label&quot;:&quot;T&quot;,&quot;type&quot;:&quot;output&quot;}],&quot;Top&quot;:[]}</P>
      <P Name="ComponentPath">foundation.mechanical.sensors.torque</P>
      <P Name="ComponentVariants">foundation.mechanical.sensors.torque</P>
      <P Name="ComponentVariantNames">torque</P>
      <P Name="ClassName">torque</P>
      <P Name="SchemaVersion">1</P>
    </InstanceData>
  </Block>
  <Block BlockType="PMIOPort" Name="w" SID="16">
    <P Name="Position">[315, 80, 335, 100]</P>
    <P Name="ZOrder">20</P>
    <P Name="BlockMirror">on</P>
    <P Name="Side">Left</P>
  </Block>
  <Block BlockType="PMIOPort" Name="T" SID="17">
    <P Name="Position">[195, 75, 215, 95]</P>
    <P Name="ZOrder">19</P>
    <P Name="BlockMirror">on</P>
    <P Name="Port">2</P>
    <P Name="Side">Right</P>
  </Block>
  <Block BlockType="PMIOPort" Name="R" SID="18">
    <P Name="Position">[0, 65, 20, 85]</P>
    <P Name="ZOrder">22</P>
    <P Name="Port">3</P>
    <P Name="Side">Right</P>
  </Block>
  <Block BlockType="PMIOPort" Name="C" SID="19">
    <P Name="Position">[315, 30, 335, 50]</P>
    <P Name="ZOrder">21</P>
    <P Name="BlockMirror">on</P>
    <P Name="Port">4</P>
    <P Name="Side">Left</P>
  </Block>
  <Line LineType="Connection">
    <P Name="ZOrder">1</P>
    <P Name="Src">16#rconn:1</P>
    <P Name="Points">[0, -15]</P>
    <P Name="Dst">14#rconn:1</P>
  </Line>
  <Line LineType="Connection">
    <P Name="ZOrder">2</P>
    <P Name="Src">18#rconn:1</P>
    <P Name="Dst">15#lconn:1</P>
  </Line>
  <Line LineType="Connection">
    <P Name="ZOrder">3</P>
    <P Name="Src">14#rconn:2</P>
    <P Name="Points">[26, 0; 0, -15]</P>
    <P Name="Dst">19#rconn:1</P>
  </Line>
  <Line LineType="Connection">
    <P Name="ZOrder">4</P>
    <P Name="Src">14#lconn:1</P>
    <P Name="Dst">15#rconn:1</P>
  </Line>
  <Line LineType="Connection">
    <P Name="ZOrder">5</P>
    <P Name="Src">17#rconn:1</P>
    <P Name="Dst">15#rconn:2</P>
  </Line>
</System>
