<?xml version="1.0" encoding="utf-8"?>
<ModelInformation Version="1.0">
  <Model>
    <P Name="SavedCharacterEncoding">UTF-8</P>
    <P Name="EnableAccessToBaseWorkspace">on</P>
    <P Name="SLXCompressionType">Normal</P>
    <P Name="ScopeRefreshTime">0.035000</P>
    <P Name="OverrideScopeRefreshTime">on</P>
    <P Name="DisableAllScopes">off</P>
    <P Name="DataTypeOverride">UseLocalSettings</P>
    <P Name="DataTypeOverrideAppliesTo">AllNumericTypes</P>
    <P Name="MinMaxOverflowLogging">UseLocalSettings</P>
    <P Name="MinMaxOverflowArchiveMode">Overwrite</P>
    <P Name="FPTRunName">Run 1</P>
    <P Name="MaxMDLFileLineLength">120</P>
    <P Name="LastSavedArchitecture">glnxa64</P>
    <P Name="HideAutomaticNames">on</P>
    <UserParameters>
      <P Name="PhysicalModelingChecksum">942361106</P>
      <P Name="PhysicalModelingParameterChecksum">3131427922</P>
      <P Name="PhysicalModelingProducts">SimMechanics|Simscape</P>
    </UserParameters>
    <ConfigManagerSettings>
      <P Name="UpdateHistory">UpdateHistoryNever</P>
      <P Name="ModifiedByFormat">%&lt;Auto&gt;</P>
      <P Name="ModifiedDateFormat">%&lt;Auto&gt;</P>
      <P Name="RTWModifiedTimeStamp">551059522</P>
      <P Name="ModelVersionFormat">1.%&lt;AutoIncrement:7&gt;</P>
    </ConfigManagerSettings>
    <EditorSettings>
      <P Name="SampleTimeColors">off</P>
      <P Name="SampleTimeAnnotations">off</P>
      <P Name="LibraryLinkDisplay">disabled</P>
      <P Name="WideLines">off</P>
      <P Name="ShowLineDimensions">off</P>
      <P Name="ShowPortDataTypes">off</P>
      <P Name="ShowAllPropagatedSignalLabels">off</P>
      <P Name="PortDataTypeDisplayFormat">AliasTypeOnly</P>
      <P Name="ShowEditTimeErrors">on</P>
      <P Name="ShowEditTimeWarnings">on</P>
      <P Name="ShowEditTimeAdvisorChecks">off</P>
      <P Name="ShowPortUnits">off</P>
      <P Name="ShowDesignRanges">off</P>
      <P Name="ShowLoopsOnError">on</P>
      <P Name="IgnoreBidirectionalLines">off</P>
      <P Name="ShowStorageClass">off</P>
      <P Name="ShowTestPointIcons">on</P>
      <P Name="ShowSignalResolutionIcons">on</P>
      <P Name="ShowViewerIcons">on</P>
      <P Name="SortedOrder">off</P>
      <P Name="VariantCondition">off</P>
      <P Name="ShowLinearizationAnnotations">on</P>
      <P Name="ShowVisualizeInsertedRTB">on</P>
      <P Name="ShowMarkup">on</P>
      <P Name="BlockNameDataTip">off</P>
      <P Name="BlockParametersDataTip">off</P>
      <P Name="BlockDescriptionStringDataTip">off</P>
      <P Name="BlockVariantConditionDataTip">off</P>
      <P Name="ToolBar">on</P>
      <P Name="StatusBar">on</P>
      <P Name="BrowserShowLibraryLinks">off</P>
      <P Name="FunctionConnectors">off</P>
      <P Name="BrowserLookUnderMasks">off</P>
      <P Name="MultiThreadCoSim">on</P>
    </EditorSettings>
    <SimulationSettings>
      <P Name="SimulationMode">normal</P>
      <P Name="SILPILModeSetting">automated</P>
      <P Name="SILPILSystemUnderTest">topmodel</P>
      <P Name="SILPILSimulationModeTopModel">normal</P>
      <P Name="SILPILSimulationModeModelRef">normal</P>
      <P Name="SimTabSimulationMode">normal</P>
      <P Name="CodeVerificationMode">software-in-the-loop (sil)</P>
      <P Name="PauseTimes">5</P>
      <P Name="NumberOfSteps">1</P>
      <P Name="SnapshotBufferSize">10</P>
      <P Name="SnapshotInterval">10</P>
      <P Name="NumberOfLastSnapshots">0</P>
      <P Name="EnablePacing">off</P>
      <P Name="PacingRate">1</P>
      <P Name="LinearizationMsg">none</P>
      <P Name="Profile">off</P>
      <P Name="ParamWorkspaceSource">MATLABWorkspace</P>
      <P Name="AccelSystemTargetFile">accel.tlc</P>
      <P Name="AccelTemplateMakefile">accel_default_tmf</P>
      <P Name="AccelMakeCommand">make_rtw</P>
      <P Name="TryForcingSFcnDF">off</P>
      <Object PropName="DataLoggingOverride" ObjectID="1" ClassName="Simulink.SimulationData.ModelLoggingInfo">
        <P Name="model_" Class="char">$bdroot</P>
        <P Name="overrideMode_" Class="uint32">0U</P>
        <Array PropName="logAsSpecifiedByModels_" Type="Cell" Dimension="1*1">
          <Cell Class="char">$bdroot</Cell>
        </Array>
        <Array PropName="logAsSpecifiedByModelsSSIDs_" Type="Cell" Dimension="1*1">
          <Cell Class="double">[]</Cell>
        </Array>
      </Object>
      <Object PropName="InstrumentedSignals" ObjectID="2" ClassName="Simulink.HMI.InstrumentedSignals">
        <Array PropName="Persistence" Type="Struct" Dimension="5*1">
          <MATStruct>
            <Field Name="UUID" Class="char">5e668492-07a2-4b1c-9c89-6b8294fc5867</Field>
            <Field Name="BlockPath_" Class="char">Plant/PS-Simulink Converter4</Field>
            <Field Name="SID_" Class="char">9</Field>
            <Field Name="SubPath_" Class="char"/>
            <Field Name="OutputPortIndex_" Class="double">1.0</Field>
            <Field Name="LogicalPortIndex_" Class="double">0.0</Field>
            <Field Name="SignalName_" Class="char"/>
            <Field Name="SubSysPath_" Class="char"/>
            <Field Name="Decimation_" Class="double">1.0</Field>
            <Field Name="MaxPoints_" Class="double">0.0</Field>
            <Field Name="TargetBufferedStreaming_" Class="double">0.0</Field>
            <Field Name="IsFrameBased_" Class="double">0.0</Field>
            <Field Name="DomainType_" Class="char"/>
            <Array PropName="DomainParams_" Type="Struct" Dimension="1*1">
              <MATStruct/>
            </Array>
            <Field Name="VisualType_" Class="char"/>
          </MATStruct>
          <MATStruct>
            <Field Name="UUID" Class="char">9edfca5b-36ba-450a-9acf-37db2151aa97</Field>
            <Field Name="BlockPath_" Class="char">Plant/PS-Simulink Converter2</Field>
            <Field Name="SID_" Class="char">8</Field>
            <Field Name="SubPath_" Class="char"/>
            <Field Name="OutputPortIndex_" Class="double">1.0</Field>
            <Field Name="LogicalPortIndex_" Class="double">0.0</Field>
            <Field Name="SignalName_" Class="char"/>
            <Field Name="SubSysPath_" Class="char"/>
            <Field Name="Decimation_" Class="double">1.0</Field>
            <Field Name="MaxPoints_" Class="double">0.0</Field>
            <Field Name="TargetBufferedStreaming_" Class="double">0.0</Field>
            <Field Name="IsFrameBased_" Class="double">0.0</Field>
            <Field Name="DomainType_" Class="char"/>
            <Array PropName="DomainParams_" Type="Struct" Dimension="1*1">
              <MATStruct/>
            </Array>
            <Field Name="VisualType_" Class="char"/>
          </MATStruct>
          <MATStruct>
            <Field Name="UUID" Class="char">af3cc5b2-19b7-44db-91b0-e2ace87c4386</Field>
            <Field Name="BlockPath_" Class="char">Plant/PS-Simulink Converter1</Field>
            <Field Name="SID_" Class="char">7</Field>
            <Field Name="SubPath_" Class="char"/>
            <Field Name="OutputPortIndex_" Class="double">1.0</Field>
            <Field Name="LogicalPortIndex_" Class="double">0.0</Field>
            <Field Name="SignalName_" Class="char"/>
            <Field Name="SubSysPath_" Class="char"/>
            <Field Name="Decimation_" Class="double">1.0</Field>
            <Field Name="MaxPoints_" Class="double">0.0</Field>
            <Field Name="TargetBufferedStreaming_" Class="double">0.0</Field>
            <Field Name="IsFrameBased_" Class="double">0.0</Field>
            <Field Name="DomainType_" Class="char"/>
            <Array PropName="DomainParams_" Type="Struct" Dimension="1*1">
              <MATStruct/>
            </Array>
            <Field Name="VisualType_" Class="char"/>
          </MATStruct>
          <MATStruct>
            <Field Name="UUID" Class="char">c40f1437-9bbe-4974-9227-b9e954a3cc05</Field>
            <Field Name="BlockPath_" Class="char">Plant/PS-Simulink Converter</Field>
            <Field Name="SID_" Class="char">6</Field>
            <Field Name="SubPath_" Class="char"/>
            <Field Name="OutputPortIndex_" Class="double">1.0</Field>
            <Field Name="LogicalPortIndex_" Class="double">0.0</Field>
            <Field Name="SignalName_" Class="char"/>
            <Field Name="SubSysPath_" Class="char"/>
            <Field Name="Decimation_" Class="double">1.0</Field>
            <Field Name="MaxPoints_" Class="double">0.0</Field>
            <Field Name="TargetBufferedStreaming_" Class="double">0.0</Field>
            <Field Name="IsFrameBased_" Class="double">0.0</Field>
            <Field Name="DomainType_" Class="char"/>
            <Array PropName="DomainParams_" Type="Struct" Dimension="1*1">
              <MATStruct/>
            </Array>
            <Field Name="VisualType_" Class="char"/>
          </MATStruct>
          <MATStruct>
            <Field Name="UUID" Class="char">0a9a6928-71fd-4fc7-8b87-5052746dc0f3</Field>
            <Field Name="BlockPath_" Class="char">Limit</Field>
            <Field Name="SID_" Class="char">121</Field>
            <Field Name="SubPath_" Class="char"/>
            <Field Name="OutputPortIndex_" Class="double">1.0</Field>
            <Field Name="LogicalPortIndex_" Class="double">0.0</Field>
            <Field Name="SignalName_" Class="char"/>
            <Field Name="SubSysPath_" Class="char"/>
            <Field Name="Decimation_" Class="double">1.0</Field>
            <Field Name="MaxPoints_" Class="double">0.0</Field>
            <Field Name="TargetBufferedStreaming_" Class="double">0.0</Field>
            <Field Name="IsFrameBased_" Class="double">0.0</Field>
            <Field Name="DomainType_" Class="char"/>
            <Array PropName="DomainParams_" Type="Struct" Dimension="1*1">
              <MATStruct/>
            </Array>
            <Field Name="VisualType_" Class="char"/>
          </MATStruct>
        </Array>
      </Object>
    </SimulationSettings>
    <ExternalMode>
      <P Name="ExtModeBatchMode">off</P>
      <P Name="ExtModeEnableFloating">on</P>
      <P Name="ExtModeTrigType">manual</P>
      <P Name="ExtModeTrigMode">normal</P>
      <P Name="ExtModeTrigPort">1</P>
      <P Name="ExtModeTrigElement">any</P>
      <P Name="ExtModeTrigDuration">1000</P>
      <P Name="ExtModeTrigDurationFloating">auto</P>
      <P Name="ExtModeTrigHoldOff">0</P>
      <P Name="ExtModeTrigDelay">0</P>
      <P Name="ExtModeTrigDirection">rising</P>
      <P Name="ExtModeTrigLevel">0</P>
      <P Name="ExtModeArchiveMode">off</P>
      <P Name="ExtModeAutoIncOneShot">off</P>
      <P Name="ExtModeIncDirWhenArm">off</P>
      <P Name="ExtModeAddSuffixToVar">off</P>
      <P Name="ExtModeWriteAllDataToWs">off</P>
      <P Name="ExtModeArmWhenConnect">on</P>
      <P Name="ExtModeSkipDownloadWhenConnect">off</P>
      <P Name="ExtModeLogAll">on</P>
      <P Name="ExtModeAutoUpdateStatusClock">on</P>
    </ExternalMode>
    <ModelReferenceSettings>
      <P Name="ShowModelReferenceBlockVersion">off</P>
      <P Name="ShowModelReferenceBlockIO">off</P>
      <P Name="OrderedModelArguments">on</P>
    </ModelReferenceSettings>
    <ConcurrentExecutionSettings>
      <Object PropName="DataTransfer" ObjectID="3" ClassName="Simulink.GlobalDataTransfer">
        <P Name="DefaultTransitionBetweenSyncTasks" Class="char">Ensure deterministic transfer (maximum delay)</P>
        <P Name="DefaultTransitionBetweenAsyncTasks" Class="char">Ensure data integrity only</P>
        <P Name="DefaultTransitionBetweenContTasks" Class="char">Ensure deterministic transfer (minimum delay)</P>
        <P Name="DefaultExtrapolationMethodBetweenContTasks" Class="char">None</P>
      </Object>
      <P Name="ExplicitPartitioning">off</P>
    </ConcurrentExecutionSettings>
    <System Ref="system_root"/>
  </Model>
</ModelInformation>
